Datetime,Water Level (m)
2026-02-19 12:00:00,-0.8072392
2026-02-19 13:00:00,-0.30954218
2026-02-19 14:00:00,0.21941927
2026-02-19 15:00:00,0.64414907
2026-02-19 16:00:00,0.8357642
2026-02-19 17:00:00,0.72548145
2026-02-19 18:00:00,0.35660243
2026-02-19 19:00:00,-0.18278225
2026-02-19 20:00:00,-0.7410741
2026-02-19 21:00:00,-1.2084562
2026-02-19 22:00:00,-1.4413605
2026-02-19 23:00:00,-1.3946733
2026-02-20 00:00:00,-1.0872791
2026-02-20 01:00:00,-0.591973
2026-02-20 02:00:00,-0.06025751
2026-02-20 03:00:00,0.38477117
2026-02-20 04:00:00,0.6364435
2026-02-20 05:00:00,0.64433104
2026-02-20 06:00:00,0.3871544
2026-02-20 07:00:00,-0.03390805
2026-02-20 08:00:00,-0.5188359
2026-02-20 09:00:00,-0.9508491
2026-02-20 10:00:00,-1.2429057
2026-02-20 11:00:00,-1.26241
2026-02-20 12:00:00,-1.01901
2026-02-20 13:00:00,-0.5738537
2026-02-20 14:00:00,-0.046367463
2026-02-20 15:00:00,0.43362126
2026-02-20 16:00:00,0.7312469
2026-02-20 17:00:00,0.76237243
2026-02-20 18:00:00,0.5263914
2026-02-20 19:00:00,0.09079069
2026-02-20 20:00:00,-0.43782687
2026-02-20 21:00:00,-0.9392345
2026-02-20 22:00:00,-1.3024341
2026-02-20 23:00:00,-1.4093431
2026-02-21 00:00:00,-1.2498895
2026-02-21 01:00:00,-0.87217623
2026-02-21 02:00:00,-0.35052496
2026-02-21 03:00:00,0.15087952
2026-02-21 04:00:00,0.5376347
2026-02-21 05:00:00,0.6935569
2026-02-21 06:00:00,0.5932118
2026-02-21 07:00:00,0.26758575
2026-02-21 08:00:00,-0.1680242
2026-02-21 09:00:00,-0.6069227
2026-02-21 10:00:00,-0.9853627
2026-02-21 11:00:00,-1.1631987
2026-02-21 12:00:00,-1.094059
2026-02-21 13:00:00,-0.7901644
2026-02-21 14:00:00,-0.3403469
2026-02-21 15:00:00,0.13018566
2026-02-21 16:00:00,0.5167479
2026-02-21 17:00:00,0.680937
2026-02-21 18:00:00,0.60872114
2026-02-21 19:00:00,0.29729572
2026-02-21 20:00:00,-0.14774576
2026-02-21 21:00:00,-0.6349871
2026-02-21 22:00:00,-1.050652
2026-02-21 23:00:00,-1.2910111
2026-02-22 00:00:00,-1.2927057
2026-02-22 01:00:00,-1.062607
2026-02-22 02:00:00,-0.6443233
2026-02-22 03:00:00,-0.16775289
2026-02-22 04:00:00,0.25881535
2026-02-22 05:00:00,0.54458433
2026-02-22 06:00:00,0.62313527
2026-02-22 07:00:00,0.4691042
2026-02-22 08:00:00,0.14148979
2026-02-22 09:00:00,-0.25025302
2026-02-22 10:00:00,-0.6437263
2026-02-22 11:00:00,-0.9414592
2026-02-22 12:00:00,-1.0334818
2026-02-22 13:00:00,-0.9053157
2026-02-22 14:00:00,-0.5935773
2026-02-22 15:00:00,-0.20313832
2026-02-22 16:00:00,0.17473601
2026-02-22 17:00:00,0.42414877
2026-02-22 18:00:00,0.4982231
2026-02-22 19:00:00,0.36597323
2026-02-22 20:00:00,0.045889158
2026-02-22 21:00:00,-0.3522764
2026-02-22 22:00:00,-0.7519147
2026-02-22 23:00:00,-1.0666667
2026-02-23 00:00:00,-1.2117798
2026-02-23 01:00:00,-1.1453834
2026-02-23 02:00:00,-0.87474334
2026-02-23 03:00:00,-0.48906985
2026-02-23 04:00:00,-0.08528335
2026-02-23 05:00:00,0.26611048
2026-02-23 06:00:00,0.4703118
2026-02-23 07:00:00,0.49375612
2026-02-23 08:00:00,0.32419783
2026-02-23 09:00:00,0.051983695
2026-02-23 10:00:00,-0.28081465
2026-02-23 11:00:00,-0.6068348
2026-02-23 12:00:00,-0.8208853
2026-02-23 13:00:00,-0.871524
2026-02-23 14:00:00,-0.75360173
2026-02-23 15:00:00,-0.49425483
2026-02-23 16:00:00,-0.18356124
2026-02-23 17:00:00,0.07080103
2026-02-23 18:00:00,0.23696853
2026-02-23 19:00:00,0.25555322
2026-02-23 20:00:00,0.1148346
2026-02-23 21:00:00,-0.16407561
2026-02-23 22:00:00,-0.4687009
2026-02-23 23:00:00,-0.76242703
2026-02-24 00:00:00,-0.9937525
2026-02-24 01:00:00,-1.0939536
2026-02-24 02:00:00,-1.0070847
2026-02-24 03:00:00,-0.7695065
2026-02-24 04:00:00,-0.4569572
2026-02-24 05:00:00,-0.12612839
2026-02-24 06:00:00,0.14725402
2026-02-24 07:00:00,0.31202933
2026-02-24 08:00:00,0.3260875
2026-02-24 09:00:00,0.20485495
2026-02-24 10:00:00,-0.0106463665
2026-02-24 11:00:00,-0.2725749
2026-02-24 12:00:00,-0.51491314
2026-02-24 13:00:00,-0.6846317
2026-02-24 14:00:00,-0.738592
2026-02-24 15:00:00,-0.65369076
2026-02-24 16:00:00,-0.48137248
2026-02-24 17:00:00,-0.29541704
2026-02-24 18:00:00,-0.12659869
2026-02-24 19:00:00,0.0013761348
2026-02-24 20:00:00,0.011241343
2026-02-24 21:00:00,-0.086052656
2026-02-24 22:00:00,-0.2617457
2026-02-24 23:00:00,-0.46599504
2026-02-25 00:00:00,-0.6971192
2026-02-25 01:00:00,-0.8683398
2026-02-25 02:00:00,-0.9399532
2026-02-25 03:00:00,-0.8806799
2026-02-25 04:00:00,-0.7231228
2026-02-25 05:00:00,-0.4808084
2026-02-25 06:00:00,-0.22223
2026-02-25 07:00:00,0.010561739
2026-02-25 08:00:00,0.18059434
2026-02-25 09:00:00,0.2503767
2026-02-25 10:00:00,0.1975951
2026-02-25 11:00:00,0.063805155
2026-02-25 12:00:00,-0.11600106
